word,count
λέγω,29114
ἔχω,22584
γίγνομαι,21737
πολύς,20652
πᾶς,19062
ποιέω,14383
φημί,11785
δέω,9389
λόγος,9063
πόλις,8901
ἀγαθός,8832
δοκέω,8323
ἀνήρ,7793
μέγας,7622
ἐκεῖνος,7579
λαμβάνω,6552
εἷς,6462
ἕτερος,6332
ἄνθρωπος,6255
πρῶτος,6046
ὁράω,5935
ἕκαστος,5702
οἶδα,5419
βούλομαι,5328
θεός,4873
χρόνος,4862
κακός,4780
ἔρχομαι,4672
σῶμα,4651
ἅπας,4575
δίδωμι,4499
ἀρχή,4424
φαίνω,4335
νόμος,4228
φύσις,4181
οἴομαι,4171
πράσσω,4120
Ἀθηναῖος,4088
δύναμαι,4068
μηδείς,3995
καλός,3981
ὑπάρχω,3939
χράω,3726
παῖς,3632
χρή,3603
ἀκούω,3554
φίλος,3534
γῆ,3478
ἀνάγκη,3394
δίκαιος,3329
τρόπος,3314
φέρω,3259
ἡμέρα,3254
ἐναντίος,3193
καλέω,3154
συμβαίνω,3108
ἄρχω,3081
πατήρ,3046
τυγχάνω,3041
πρᾶγμα,3022
γυνή,2992
γένος,2912
πάσχω,2907
ἀληθής,2862
μικρός,2827
τίθημι,2744
δύο,2712
δύναμις,2669
ψυχή,2652
κινέω,2625
πάρειμι,2618
μέρος,2614
Ζεύς,2605
ἔργον,2604
ὕδωρ,2589
ἔοικα,2540
δῆλος,2497
πείθω,2426
μέλλω,2396
νομίζω,2389
ὀλίγος,2387
ἐθέλω,2385
γιγνώσκω,2341
χρῆμα,2340
ναῦς,2294
ἡγέομαι,2287
μόνος,2277
Ἕλλην,2246
ἄγω,2229
ὄνομα,2189
ἀρετή,2164
ἴδιος,2150
ἀδικέω,2134
τοσοῦτος,2086
ζῷον,2074
Σωκράτης,2073
βασιλεύς,2011
εἶδος,2003
ὅλος,2000
ἐλαχύς,1987
διαφέρω,1976
φανερός,1958
καθίστημι,1948
χώρα,1948
παρέχω,1945
ὅμοιος,1945
δίκη,1933
μέσος,1921
γράφω,1918
κοινός,1885
δεινός,1880
ἀναγκαῖος,1871
Λακεδαιμόνιος,1864
τόπος,1861
χείρ,1843
πόλεμος,1817
κίνησις,1780
αἴτιος,1777
οὐσία,1766
ταχύς,1751
κελεύω,1745
φύω,1730
πολέμιος,1723
ἥσσων,1711
ἀποδίδωμι,1696
ἴσος,1687
ἀφικνέομαι,1675
λευκός,1660
ζάω,1659
αἱρέω,1655
μανθάνω,1628
ἄξιος,1622
βίος,1614
αἰτία,1604
ἡδονή,1602
ἐπιστήμη,1598
θερμός,1590
κεφαλή,1577
ἀπόλλυμι,1577
ἀμφότερος,1571
ἐνδέχομαι,1570
ἀδύνατος,1567
πλῆθος,1550
πρότερος,1547
εὑρίσκω,1542
πῦρ,1542
ἔνιοι,1538
ἑκάτερος,1480
τέχνη,1480
δῆμος,1479
φεύγω,1472
ἥκω,1470
προσήκω,1469
σκοπέω,1448
ποῖος,1437
τρεῖς,1431
νόσος,1426
ὁμολογέω,1422
ἵππος,1418
νέος,1402
ἀξιόω,1396
σύμμαχος,1387
πέμπω,1386
συμφέρω,1372
πολίτης,1366
ὑγρός,1349
μήτηρ,1348
κοιλία,1348
λοιπός,1342
δυνατός,1339
ἐάω,1329
δείκνυμι,1329
μέγεθος,1314
Κῦρος,1313
κρίνω,1293
θνῄσκω,1290
πολιτεία,1280
σῴζω,1274
δόξα,1269
θάλασσα,1268
κεῖμαι,1266
ζητέω,1260
οἶνος,1254
ἀριθμός,1253
τελευτάω,1240
ἐπίσταμαι,1240
ἀποθνῄσκω,1239
ἡδύς,1239
ξένος,1235
δικαστής,1235
ἵστημι,1234
αἷμα,1225
γνώμη,1223
μένω,1221
δράω,1214
τροφή,1201
προστίθημι,1198
πούς,1187
αἰσθάνομαι,1183
ἀφίημι,1175
πίνω,1175
κτάομαι,1160
ἔτος,1158
τέλος,1157
βουλεύω,1148
παύω,1140
χαλεπός,1139
νόος,1134
σημεῖον,1128
τοιόσδε,1125
ἥλιος,1124
πόνος,1118
τρίτος,1110
οἰκεῖος,1101
δέχομαι,1096
σημαίνω,1095
ἀπέρχομαι,1093
κρατέω,1092
πειράω,1092
Πέρσης,1090
πάθος,1079
ἀφαιρέω,1077
νύξ,1077
ἰσχυρός,1076
ἐχθρός,1054
ἱερός,1031
αἴσθησις,1027
αἰσχρός,1021
ἔνειμι,1021
πυρετός,1020
κύριος,1017
χάρις,1011
διαφορά,1011
ἀήρ,1005
κατηγορέω,1002
οἷος,999
τύχη,992
μετέχω,987
κίνδυνος,983
στρατηγός,983
ὀστέον,980
ἔξεστι,977
ὀρθός,976
πρέσβυς,975
ὁδός,972
ἀναγκάζω,971
σχῆμα,969
ἱκανός,967
χωρίον,965
ἀποκρίνω,964
κύκλος,960
ψυχρός,956
λανθάνω,953
σοφός,951
ῥᾴδιος,949
ποταμός,948
γένεσις,945
ἀποκτείνω,944
καιρός,944
ἐρωτάω,943
ἄρχων,941
διδάσκω,941
παρασκευάζω,935
στόμα,934
βάρβαρος,933
βοηθέω,933
μεταβάλλω,928
ἡμέτερος,926
πρᾶξις,925
ὅρος,922
ὀξύς,918
οἰκία,918
κωλύω,915
φυλάσσω,915
λεπτός,911
τεῖχος,905
μόριον,903
μέλας,902
πορεύω,901
οἰκέω,899
πυνθάνομαι,896
χαίρω,896
ἐπιχειρέω,892
μακρός,890
καταλείπω,876
πνεῦμα,874
διαφθείρω,873
τέκνον,870
τιμάω,869
τρέφω,869
εἰσέρχομαι,869
δεύτερος,860
νικάω,859
χρήσιμος,859
ἀδελφός,858
φοβέω,856
τέσσαρες,851
ἐπαινέω,851
ἄμφω,850
τίκτω,847
ὑμέτερος,845
κρατύς,842
λύω,842
πονηρός,838
θάνατος,836
δηλόω,834
Ἑλλάς,828
παραδίδωμι,824
τάσσω,823
ἐργάζομαι,822
ὅπλον,821
ὀδύνη,809
υἱός,806
οἶκος,806
φαῦλος,806
φιλέω,804
τιμή,797
φρονέω,797
ξηρός,795
ἐξέρχομαι,784
μάχη,783
εἰρήνη,782
σάρξ,779
ὑπολαμβάνω,778
ἕπομαι,774
ἀπαλλάσσω,772
συλλογισμός,761
ἱππεύς,757
συνίστημι,754
πλέω,753
ἐπιθυμέω,752
ὕλη,752
μαρτυρέω,748
χειμών,747
μάρτυς,744
φιλία,739
ἀγών,738
φράζω,734
ἄρσην,732
ψευδής,728
καρπός,727
θαυμάζω,726
ὄψις,725
διαλέγω,725
φλέψ,724
λείπω,721
συμφορά,719
φωνή,719
ἄπειρος,716
ὠφελέω,715
Φίλιππος,712
πιστεύω,711
μιμνῄσκω,708
ὁρίζω,705
ἐπιδείκνυμι,700
τολμάω,697
βαρύς,696
ἄδικος,694
διαιρέω,693
δόμος,692
Ἀργεῖος,688
βραχύς,686
βουλή,685
ἀργύριον,684
θῆλυς,684
μάχομαι,683
θεῖος,682
ὥρα,681
Θηβαῖος,680
τάξις,680
σκέπτομαι,678
θυγάτηρ,678
κινδυνεύω,677
ὀφθαλμός,676
ἔσχατος,676
ἐμβάλλω,669
στράτευμα,669
ὕστερος,667
δοῦλος,666
πολεμέω,664
πέντε,664
διέρχομαι,664
σιτίον,664
ἑκών,660
αὐξάνω,658
δεξιός,658
στρατιά,654
βία,652
στρατεύω,650
χωρέω,649
ἐπιμελέομαι,648
δεῖ,648
ἀφίστημι,647
μεταβολή,645
ἐπέρχομαι,642
φόβος,640
ἀλήθεια,640
φάρμακον,640
ἀναιρέω,638
διώκω,638
παλαιός,635
δέκα,629
ἐλεύθερος,629
κομίζω,627
κατέχω,626
διάνοια,625
ξύλον,624
ἐλπίς,623
ἀποδείκνυμι,614
δείδω,613
ἐπιτήδειος,613
ὁρμάω,609
ῥέω,609
ἁμαρτάνω,608
νῆσος,604
ἅπτω,603
χρῶμα,601
ἁλίσκομαι,597
σκέλος,596
πυκνός,595
στρατός,593
κτείνω,593
φάσκω,593
ἀσθενής,588
τριάκοντα,587
πεζός,582
ἰατρός,580
βλάπτω,579
τρίβω,579
πατρίς,575
δικαστήριον,574
ἀγνοέω,571
παρέρχομαι,571
πολιτικός,570
τρέπω,569
ἀπορέω,568
ῥίζα,563
ἐνέργεια,562
σωτηρία,561
ἀπέχω,560
φύλλον,560
λύπη,559
προσέρχομαι,558
ἕλκω,557
ἐπιθυμία,557
προλέγω,556
προστάσσω,556
ψήφισμα,554
συμβουλεύω,553
γλῶσσα,552
βλέπω,552
γαστήρ,551
θεωρέω,549
μείς,548
μείγνυμι,546
τύραννος,545
σῖτος,544
ἥκιστος,543
ἡλικία,542
συνεχής,542
κατασκευάζω,540
πίπτω,539
χρηστός,536
ὄρνις,536
ἄτοπος,535
δικαιοσύνη,535
σύμπας,534
τάλαντον,532
ἐσθίω,532
ψεύδω,531
παχύς,531
ὄμμα,529
δεσπότης,528
ἀπορία,527
θύω,527
ὑγιής,527
κύων,527
φθείρω,524
λίθος,524
ἕξις,524
ἥμισυς,523
διορίζω,522
στρατιώτης,521
ἔρομαι,518
μήτρα,518
καθαίρω,517
μέλι,517
καταλαμβάνω,514
κρίσις,514
ὄρος,513
ἐγγίγνομαι,511
εἴκοσι,511
οἴχομαι,511
ἐξαπατάω,506
στοιχεῖον,505
προσφέρω,504
ψηφίζω,503
γλυκύς,501
οὖς,500
ἐπιγίγνομαι,498
ὑπόκειμαι,494
τέμνω,493
ἄστρον,493
θεραπεύω,491
ἕλκος,490
ὑπομένω,489
ἀναγιγνώσκω,489
πονέω,488
σκληρός,485
παραγίγνομαι,483
παιδίον,480
καθαρός,479
ἔπος,478
χθών,477
λαγχάνω,475
νέμω,473
ὅρκος,473
γράμμα,473
οὐρανός,473
ὁπλίτης,472
ἀποφαίνω,472
ἦθος,472
σοφία,470
ὀργή,468
κενός,466
μαρτυρία,466
σαφής,465
θέρος,464
ἀμύνω,461
φρήν,461
στρατόπεδον,458
ἀκολουθέω,456
εὐδαίμων,455
συλλέγω,453
ἀμφισβητέω,453
δικάζω,452
φυλακή,452
πρότασις,452
παραλαμβάνω,450
ἐνιαυτός,449
φόνος,448
ὄμνυμι,448
λυπέω,447
ἴσχω,447
ποιητής,446
συγγενής,446
μῆκος,445
ἀλλότριος,445
ἔλαιον,445
φρόνησις,444
προσέχω,443
δημοκρατία,442
γάλα,442
πλοῖον,441
πιστός,440
νοσέω,440
πρέπω,439
ἐπιτίθημι,437
ὕπνος,436
λεῖος,436
τάλας,436
σπουδαῖος,436
τεκμήριον,435
αἰσχύνω,435
δαίμων,435
μισέω,434
καρδία,433
αἰσθητός,433
ἀνίστημι,432
ἀγορά,432
Αἴγυπτος,432
πρόγονος,432
νομοθέτης,432
ἀριστερός,430
καίω,428
βάλλω,427
συμβάλλω,427
ἀπόδειξις,426
δένδρον,424
τιμωρέω,423
ἑπτά,423
ἀνδρεῖος,423
ὀφείλω,422
βαδίζω,422
ὀνομάζω,421
σώφρων,421
εἴωθα,421
χολή,421
νεκρός,420
Αἰγύπτιος,420
ἐκβάλλω,420
δημόσιος,418
φάος,418
ὑπερβολή,418
ὑγίεια,418
παιδεύω,417
ὑπερβάλλω,417
σπέρμα,417
ἄγριος,417
ἰδιώτης,414
ἀποστερέω,412
ἐλάσσων,412
προέρχομαι,410
φορά,410
ἐμπίπτω,410
συγχωρέω,409
κοῦφος,407
ἁπλόος,404
τριήρης,403
αἰτέω,403
Κορίνθιος,402
ἄκρον,402
στάδιον,402
ψῆφος,401
διάκειμαι,401
διεξέρχομαι,401
ἰατρικός,401
θαυμαστός,400
βοῦς,400
βροτός,397
ψεῦδος,397
τέταρτος,396
μαλακός,396
ὑγιαίνω,395
γέρων,395
μέτριος,392
ἀρχαῖος,392
λιμήν,392
ἡσυχία,392
ἐκπίπτω,391
ἡγεμών,391
διαπράσσω,391
μνᾶ,391
διανοέω,389
ὀλιγαρχία,389
ἐπιτρέπω,388
πλούσιος,387
μισθός,386
ἐπισκοπέω,386
ὑβρίζω,385
ἰδέα,385
ἀναλίσκω,385
κάθημαι,385
ἔθνος,384
πλοῦτος,384
ἀνάγω,384
θερμαίνω,382
πρόφασις,381
σωφροσύνη,378
ἀνδρεία,378
φλέγμα,378
τέλειος,377
πόσος,377
κολάζω,376
δάκτυλος,375
νοέω,374
ἀσφαλής,373
ἐπιμέλεια,373
τόκος,373
Δημοσθένης,372
ἀναβαίνω,371
μιμέομαι,371
ἐφίστημι,371
ἥδομαι,370
ἀπολείπω,369
πόρος,369
τηλικοῦτος,369
λογίζομαι,367
ἐλαύνω,367
λούω,367
μυρίος,365
θεάομαι,365
Δαρεῖος,364
πύλη,362
κλῆρος,362
κόσμος,361
Ἀθῆναι,361
βλώσκω,361
ἐπιβουλεύω,360
γάμος,360
ἀδελφή,358
γεννάω,358
προδίδωμι,357
ἀπάγω,356
χαρίζω,356
θαρσέω,356
προαιρέω,356
χίλιοι,355
πατρῷος,355
Πελοποννήσιος,354
δίαιτα,354
ἄναξ,353
βάρος,353
ἰχθῦς,353
ἄστυ,352
σύνειμι,352
ἄρθρον,352
τάχος,351
ἐκλείπω,350
εἰσάγω,350
διαλύω,349
Συρακούσιος,349
παιδεία,348
εὔχομαι,348
κόρη,348
ἐνθυμέομαι,347
ἔρως,347
ἁρμόζω,347
ἀπείρων,347
Μῆδος,346
ἀντιλέγω,346
διατελέω,346
νόσημα,346
ἐξελέγχω,346
Βοιωτός,344
ὀσμή,343
θηρίον,343
ἀντίκειμαι,343
δύω,342
ἀγωνίζομαι,340
ἡσσάομαι,340
μέλω,340
φθορά,340
εἰσφέρω,340
ὀργίζω,339
φρόνιμος,339
κοινωνέω,338
ἑκατόν,337
πολιτεύω,337
ἐκκλησία,337
περιέχω,337
θνητός,337
μέλος,337
ἐράω,337
Πελοπόννησος,336
οὐδέτερος,336
συνθήκη,336
συλλαμβάνω,335
σπονδή,335
καταλύω,334
ὑστεραῖος,334
θυμός,334
θέσις,333
ἀπολαμβάνω,332
συντίθημι,332
ὕβρις,332
κάμνω,332
ἰσχύς,331
κοῖλος,331
κλύω,331
τυραννίς,330
ἐρῆμος,329
κακία,329
τελευταῖος,328
ὅσιος,328
ἀπαγγέλλω,327
δόρυ,327
γραφή,327
κέρας,326
ἀέκων,326
μέτρον,325
αἱρετός,325
ἐξαιρέω,324
τιμωρία,324
Σικελία,323
ἀμελέω,323
πρόσειμι,323
ἑτοῖμος,321
βιάζω,320
συμμείγνυμι,320
πότερος,320
βαίνω,319
πίστις,318
δοξάζω,317
ῥίς,317
προσάγω,316
χρεία,315
διατίθημι,315
διαβάλλω,315
Σκύθης,315
πόσις,315
φυσικός,315
ἐλπίζω,314
παρακαλέω,314
δραχμή,313
πεδίον,313
συμμαχία,312
συνέρχομαι,312
ἱμάτιον,312
ἀναμιμνῄσκω,312
πήγνυμι,312
γνώριμος,312
παραπλήσιος,311
ἀδικία,311
ἀλγέω,311
ἑταῖρος,311
συνάγω,310
ἀνθρώπινος,309
διαβαίνω,309
εὐδαιμονία,309
τείνω,309
Ξέρξης,308
εὔνοια,308
κῆρυξ,308
οἰκέτης,308
ὅσος,308
πικρός,308
μαλθακός,308
ἐλέγχω,307
τεσσαράκοντα,305
παράδειγμα,304
αἰτιάομαι,304
φροντίζω,303
ἐλευθερία,302
ὑπερέχω,302
στάσις,301
πρόσωπον,301
δέρμα,301
ἀθρόος,300
Ἀπόλλων,300
ὄλλυμι,300
φύλαξ,300
συμπέρασμα,300
προσπίπτω,299
Ἴων,299
μῦθος,299
ἀδίκημα,298
Ὅμηρος,297
μοῖρα,297
ποιητικός,297
ζημία,296
ἐννοέω,296
σπουδάζω,296
χυλός,296
Ἀσία,295
λαμπρός,294
ἐξαμαρτάνω,294
Λακεδαίμων,293
ὑποτίθημι,293
πληρόω,292
διπλάσιος,291
ἀκοή,290
ἀποδέχομαι,290
φιλοσοφία,290
ᾠόν,290
ναυτικός,289
ὑστέρα,289
ἀφανίζω,288
ἐπιτήδευμα,287
νόμιμος,287
θρίξ,284
στῆθος,284
ἄκρος,284
αὐτόματος,284
σφέτερος,283
Ἀλκιβιάδης,283
ἄνθος,282
ἄνεμος,281
ὠφέλιμος,280
λίμνη,280
ξηραίνω,280
καταφρονέω,280
ἔριον,280
ἀνέχω,279
ἐπιεικής,279
τύπτω,279
φυτόν,279
χωρίζω,279
ἄδηλος,277
ἕδρα,277
περιγίγνομαι,276
κέρδος,275
σύγκειμαι,275
δῶμα,275
ὁρισμός,275
χολώδης,274
ἔλεγχος,273
κάθαρσις,273
σπουδή,272
ῥήτωρ,272
περισσός,272
ἐκδίδωμι,271
καινός,271
πληγή,271
σύνοιδα,270
αὔξησις,270
πορίζω,270
διατρίβω,270
διοικέω,269
ἀποπέμπω,268
ἀνατέλλω,268
μουσικός,267
Ἀγησίλαος,267
ποιός,267
Ἄργος,266
χρυσός,266
ἔαρ,266
θερμότης,266
ἀπολύω,265
δῶρον,265
μηρός,265
προαίρεσις,265
χρύσεος,264
θάπτω,264
ἔχθρα,264
καταβαίνω,264
Ξενοφῶν,264
ἐθίζω,263
παρασκευή,262
βασιλεία,262
ἔπαινος,262
ἔθος,262
λογισμός,262
ἀσπίς,262
ἑφθός,262
νούσημα,262
ἀρκέω,261
πεντήκοντα,260
θεραπεία,260
ἀκίνητος,260
φθέγγομαι,260
εἰσοράω,260
δανείζω,260
μνήμη,259
διάφορος,259
ἀπολογέομαι,259
προσαγορεύω,259
σιγάω,259
ὗς,259
ἀπεργάζομαι,259
ἕξ,258
καθεύδω,258
νομοθετέω,258
φοβερός,257
Πειραιεύς,257
Φωκεύς,257
ὀδούς,256
ὄχλος,255
σεμνός,255
δεῖπνον,255
ἐγκέφαλος,255
κλύζω,255
κτῆμα,254
ἐπέχω,253
χρεών,253
ἐξάγω,253
χαλκός,253
ἠρεμέω,253
πλήρης,252
ὑπισχνέομαι,252
μαίνομαι,252
μορφή,252
περιφέρεια,252
ἀνίημι,251
κατηγορία,251
δάκρυον,251
ἐμέω,251
ἐκπέμπω,250
ἀναλαμβάνω,250
μάθημα,250
τετράπους,250
ἄθλιος,250
παρθένος,250
ὑπόθεσις,250
πολιορκέω,249
βωμός,249
παραλείπω,249
ἀθάνατος,249
ἱερόν,248
ναυμαχία,248
ἄγγελος,248
ψόφος,248
γῆρας,248
στερητικός,248
ἀποστέλλω,247
ὠφέλεια,246
παρίστημι,246
ἐπιλαμβάνω,246
πλευρά,246
ἱδρώς,246
προσδέω,245
διαφεύγω,245
περαίνω,245
ἤπειρος,244
διαλείπω,244
γαμέω,244
κοινωνία,244
σωφρονέω,243
ζημιόω,243
μηχανάομαι,243
διαθήκη,243
βασιλεύω,242
κρύπτω,242
ταράσσω,242
βραχίων,242
ἀπόφασις,242
πολεμικός,241
πάθημα,241
Δελφοί,241
προσδέχομαι,241
θύρα,241
στέφανος,241
στεφανόω,241
ἰσχίον,241
ποσός,241
αἴρω,240
πέμπτος,240
ἐγκαλέω,240
ἐξετάζω,240
ἧπαρ,240
ἐπαίρω,239
θυσία,239
ἐντυγχάνω,239
ἐξευρίσκω,239
τελευτή,238
Κροῖσος,238
ἀπαντάω,238
χορός,238
χροιά,238
ὄργανον,238
Ἀχαιός,236
τριακόσιοι,236
βοήθεια,236
εὐτυχέω,236
κύστις,236
κάλλος,235
στρέφω,235
ἐκφέρω,234
τελέω,234
ἐπιστολή,234
σοφιστής,234
διδάσκαλος,234
γόνυ,234
σφαῖρα,234
δρόμος,233
πέρας,233
ἀείδω,233
μεθίημι,233
γραμμή,233
διαμένω,233
ἀκριβής,232
κοσμέω,232
περιοράω,232
τάφος,232
ἐλλείπω,232
κρέας,232
φυγή,231
συχνός,231
γέλοιος,231
ἑκούσιος,230
ἀρέσκω,230
ἀποβαίνω,230
φυλή,229
πλεύμων,229
ἐφίημι,228
φυγάς,228
βραδύς,228
ἀγγέλλω,228
ἵημι,228
δουλεύω,227
κατέρχομαι,227
ποτόν,227
τραῦμα,227
Ἅιδης,227
κτῆσις,226
προσβάλλω,226
διάγω,226
τίμιος,226
παρίημι,225
ἄπειμι,225
ῥῆμα,225
κλέπτω,225
πλατύς,224
αἰδοῖον,223
δεσμός,223
φθάνω,222
παραινέω,222
διπλόος,222
πονηρία,222
ἀντιστρέφω,222
συγγνώμη,221
ἔργω,221
πρόβατον,221
ἄκρατος,221
γνωρίζω,221
νεῦρον,221
ἐμμένω,220
Τροία,220
πένης,220
βλάβη,219
συμπίπτω,219
παραγγέλλω,219
εὐδοκιμέω,219
μάντις,219
ἕψω,219
ἀγαπάω,219
ἑῷος,219
σπλήν,219
διαίρεσις,219
ἀνάλογος,219
χυμός,219
Ἀρκάς,218
πιέζω,218
πλόος,218
ἐξελαύνω,218
ἀκρατής,218
χρῆσις,217
βοάω,217
ἀσκέω,217
μεθίστημι,216
Θεσσαλός,216
θεά,216
ἐρυθρός,216
στρατεία,215
ποίησις,215
μουσική,215
κατατίθημι,214
περιέρχομαι,214
νίκη,214
συνάπτω,214
καταγιγνώσκω,214
ψύχω,214
βέβαιος,213
ἀναχωρέω,213
βίαιος,213
πωλέω,213
μισθόω,213
δημιουργός,213
ἁρμονία,213
στερεός,213
ἐμποιέω,212
ἐπάγω,212
ὑπολείπω,212
προσγίγνομαι,212
ἀνόμοιος,212
ἁμάρτημα,211
δώδεκα,211
γενναῖος,211
ἀγανακτέω,211
δισσός,211
μηχανή,210
ἀείρω,210
ἀνόσιος,210
ἄπορος,209
εὔνους,209
κόπτω,209
λήγω,209
Τισσαφέρνης,209
μακάριος,209
ποτός,208
Ἑλλήσποντος,207
Θῆβαι,207
οἶος,207
ὑποχόνδριος,207
σμύρνα,206
ἀπιστέω,205
ἄλογος,205
μέμφομαι,205
φθονέω,205
ἱππικός,205
ἑσπέρα,205
ἐκπλέω,204
ἀίδιος,204
δύσις,204
πέτρα,204
δριμύς,204
ὀκτώ,203
εἰκών,203
ἔμετος,203
Σάμος,202
ἀνατίθημι,202
ἄγνοια,202
διηγέομαι,202
αἰσχύνη,201
Ἱππίας,201
ἄριστον,201
χρυσίον,201
ἥμερος,201
ζωή,201
σκεῦος,200
εὐώδης,200
ἐνδεής,199
χρόνιος,199
ἔγκλημα,199
ἐργασία,199
μανία,199
γονεύς,199
ἄλγημα,199
ὀχεύω,199
ῥῖγος,199
Σπαρτιάτης,198
ἀλλοιόω,198
λιπαρός,198
ὦμος,198
φιλόσοφος,198
ἔναιμος,198
Ἡρακλῆς,197
ἀκρόπολις,197
χῶρος,197
διάστημα,197
παραβαίνω,196
παίω,196
ἅρμα,196
Ἑλληνίς,195
ἰσχύω,194
καθοράω,194
ἀποχωρέω,194
ἐγείρω,194
τράπεζα,194
συγγίγνομαι,194
ὀφλισκάνω,194
τιτρώσκω,194
ἐλαία,194
μεστός,194
ὄνος,194
διαχωρέω,194
πρόκειμαι,193
ἀγρός,193
Ἀθήνη,193
κατήγορος,193
οὖρον,193
κατανοέω,192
πτερόν,192
ὠνέομαι,192
προσποιέω,191
ἀποπλέω,191
συκοφαντέω,191
ὀθόνιον,191
στρατηγέω,190
ἀποβάλλω,190
ἄγαλμα,190
στέρησις,190
ναός,190
ἰάομαι,190
Διονύσιος,190
ἀφανής,189
στερέω,189
ἐπιφέρω,189
ἐγγράφω,189
ἀνοίγνυμι,189
φθόνος,189
ὠθέω,189
πλευρόν,189
τράχηλος,189
ὀσφῦς,189
διακρίνω,188
Χῖος,188
στενός,188
πάτριος,188
σχολή,188
ὑψηλός,188
χλωρός,188
ἕβδομος,188
γελάω,188
συνουσία,188
πιπίσκω,188
Ἑλληνικός,187
κόλπος,187
προτίθημι,187
προσλαμβάνω,186
εὔπορος,186
μεταπέμπω,186
ἀστός,186
σπασμός,186
βιόω,186
ψέγω,186
ἀναπνέω,186
ὑγρότης,186
ἔκγονος,185
ἐξουσία,185
ἐκφεύγω,185
περίοδος,185
σκέψις,185
συλλογίζομαι,185
ἐναντιόομαι,184
ἀπόστασις,184
σπεύδω,184
διαιρετός,184
Σπάρτη,184
αὐχήν,184
δάκνω,184
ὁμοιότης,184
Ἁγνίας,184
ἐπιτάσσω,183
συνοικέω,183
ἀναφέρω,183
ὄνειδος,183
καταμανθάνω,183
ὑγιεινός,183
συνίημι,182
ἐπεξέρχομαι,182
μεταλαμβάνω,182
σφάλλω,182
ἀποβλέπω,182
τραχύς,182
βάθος,182
μαστός,182
προίξ,182
πρόσοδος,181
μέτειμι,181
ἄχθομαι,181
βήξ,181
Νικίας,181
λοιδορέω,181
ὑπηρετέω,181
δειλός,180
μόριος,180
περιβάλλω,179
Ἀλέξανδρος,179
δοκιμάζω,179
κλαίω,179
ἐπιμήνιος,179
πυριάω,179
Ἀττική,178
ἑξήκοντα,178
κράτος,178
πρόθυμος,178
ὕστερον,178
ἐραστής,178
κατάγω,177
εἰσβάλλω,177
μελετάω,177
κατορθόω,177
ἱδρύω,177
ἐμπίμπλημι,177
ἔντερον,177
πυός,177
προκαλέω,176
ῥώμη,176
ὀκνέω,176
γονή,176
κώμη,175
βέλος,175
ἀξία,175
ἀκτή,175
ἀλλοίωσις,175
μηνύω,174
μνημονεύω,174
ἔξοδος,174
ὀρέγω,174
τίμημα,174
ἐλεέω,174
Πρωταγόρας,174
ἀπολέγω,173
ἐνδείκνυμι,173
ἀτελής,173
ῥήγνυμι,173
Μοῦσα,173
Ἑλένη,172
πορεία,172
αἵρεσις,172
ἄτιμος,172
χρῄζω,172
βελτίων,172
ὄφις,172
ὄγκος,172
κινούμενον,172
ἁρπάζω,171
Ὀρέστης,171
παντοδαπός,171
ἀληθινός,171
ἄνισος,171
διακόσιοι,170
καταβάλλω,170
πρεσβεύω,170
εὐθύς,170
ἐπαγγέλλω,170
πλήσσω,170
ἐπιτιμάω,170
κοτύλη,170
ψῦχος,170
ὄξος,170
ἔμπειρος,169
εὐτυχία,169
ἐκβαίνω,169
ἐπιδίδωμι,169
ἐντίθημι,169
γόνος,169
ἐπίπεδος,169
Ἀχιλλεύς,168
στασιάζω,168
Εὔβοια,168
ψιλός,168
ἀποφεύγω,168
σκότος,168
ἐπιβάλλω,168
γέλως,168
βασανίζω,168
οὐρέω,168
Θρᾷξ,167
ἀνδράποδον,167
ὠμός,167
τλήμων,167
στείχω,167
λέξις,167
φθόγγος,167
πλησιάζω,167
κνήμη,167
ἀποτρέπω,166
Κλεινίας,166
πελταστής,166
στρογγύλος,166
ῥεῦμα,166
Μενέλαος,166
καυλός,166
ῥόος,165
ἑορτή,165
βοή,165
φλόξ,165
Πόντος,165
πρίαμαι,165
τήκω,165
μονάς,165
Σόλων,165
μαθηματικός,165
ἄπιστος,164
ἕκτος,164
Φοῖβος,164
παράνομος,164
πύργος,164
πνεύμων,164
τόνος,164
τρόπαιον,163
ἀθροίζω,163
περίειμι,163
ἐγκρατής,163
ἀπολογία,163
ὀλέθριος,163
διαγιγνώσκω,162
Λιβύη,162
ἐφοράω,162
ταραχή,162
ἀποφέρω,162
ποικίλος,162
μύρον,162
οἴδημα,162
Φοῖνιξ,161
ἀποτελέω,161
ἐμπειρία,161
ἑσπέριος,161
δημότης,161
βασιλικός,161
Ἀγαμέμνων,160
πλεονεκτέω,160
κατοικέω,160
βάλανος,160
ἐξίστημι,160
διατριβή,160
ὑπεροχή,160
δίπους,160
καθαιρέω,159
σίδηρος,159
Κόρινθος,159
ἐξεργάζομαι,159
Σάρδεις,159
ἱκετεύω,159
λέων,159
σπλάγχνον,159
Ἄρης,159
εἰκάζω,158
μεταδίδωμι,158
ἐπιστήμων,158
ἀπαιτέω,158
γνήσιος,158
πνέω,158
στιγμή,158
καταστρέφω,157
πρεσβεία,157
ῥίπτω,157
συντάσσω,157
ἔμψυχος,157
ἐλευθερόω,156
ναύτης,156
γεραιός,156
ἄψυχος,156
ἄρτος,155
κατάστασις,155
ἐκλέγω,155
δύστηνος,155
πλάτος,155
Ἠλεῖος,154
θρασύς,154
εὔλογος,154
μέλισσα,154
ἄρτιος,154
γυμνάζω,153
ὑπακούω,153
ἐπιτηδεύω,153
πρόνοια,153
προΐστημι,153
δωρεά,153
παμπολύς,153
ἔμβρυον,153
ἀπωθέω,152
περιίστημι,152
ἁμαρτία,152
λυπηρός,152
κεφάλαιος,152
καταφεύγω,152
Σαλαμίς,152
προθυμία,152
Εὐρώπη,152
γυναικεῖος,152
ὑπέχω,152
βλαστάνω,152
ἐρῶ,152
ἁφή,152
ἐνεργέω,152
Καλλίας,151
μετέωρος,151
σελήνη,151
κλίνη,151
γυμνάσιον,151
ὀμφαλός,151
ἀληθεύω,151
τρίγωνος,151
οἰκοδομέω,150
πρόσκειμαι,150
φοιτάω,150
πλανάω,150
προθυμέομαι,150
ἄφρων,149
κριθή,149
εὐπορέω,149
ἀρτηρία,149
σαρκώδης,149
ἰκμάς,149
ἡσυχάζω,148
χάλκεος,148
ὑμήν,148
τοσόσδε,147
Διόνυσος,147
παρακελεύομαι,147
δειπνέω,147
Ὀδυσσεύς,147
ἱερεύς,147
στέαρ,147
πρᾶος,147
μειράκιον,147
Καμβύσης,146
ἄμπελος,146
πῆχυς,146
ἀμείβω,146
εὐλαβέομαι,146
προσδοκάω,146
ἀσφάλεια,145
τετρακόσιοι,145
στήλη,145
Μιλήσιος,145
διαβολή,145
ὑφίστημι,145
ἀπόκρισις,145
ἀπογράφω,145
ὀχεία,145
διαιτάω,144
προΐημι,144
ἐπιστέλλω,144
παροξύνω,144
ἔνδεια,144
ἐκτίνω,144
τόξον,144
θηρεύω,144
ἔνοχος,144
φλεγμαίνω,144
ὄρεξις,144
αἰσθητήριον,144
λόχος,143
δαπάνη,143
εὐτυχής,143
πλάσσω,143
ἅλς,143
ναυμαχέω,142
Μεγαρεύς,142
τόλμα,142
κριτής,142
καθίζω,142
καταλέγω,142
θεωρία,142
ψαύω,142
χιών,142
λαός,142
λουτρόν,142
Λυδός,142
ὁμολογία,141
θέω,141
διαιτητής,141
τραγῳδία,141
δυάς,141
χωριστός,141
εὐεργεσία,140
ὑποχωρέω,140
Φορμίων,140
μάθησις,140
προάγω,140
Ποσειδῶν,140
γεωργός,140
εὐχή,140
ἀκόλαστος,140
ἀδιαίρετος,140
τούτεος,140
πέλαγος,139
ἀντέχω,139
Σάμιος,139
ἐπικαλέω,139
διαμαρτάνω,139
σπείρω,139
φθίω,139
αἰθήρ,139
ὄις,139
προσλέγω,139
αὔτεος,139
τοξότης,138
νῶτον,138
Λακωνικός,138
πλουτέω,138
λύσις,138
τυφλός,138
ἀπελαύνω,138
Φρύξ,138
παρακρούω,138
φορέω,137
αἰχμάλωτος,137
κατοράω,137
δειλία,137
ἐκπλήσσω,137
κερδαίνω,137
Βορέας,137
λοχαγός,137
ῥυθμός,137
πυρός,137
ὕπτιος,137
ἔλαφος,137
πεύκη,137
ὑδαρής,137
οἴκησις,136
ἐγχειρέω,136
ἀνόητος,136
πάγος,136
σπάω,136
ἀναπνοή,136
πραγματεία,136
ἐνθύμημα,136
σύνθεσις,136
ἀμαθία,135
ὄψον,135
θώραξ,135
ἀτιμάζω,135
ἄχρηστος,135
ἐπιδέω,135
δουλεία,134
τυραννεύω,134
προοράω,134
Παυσανίας,134
διασῴζω,134
ἀργός,134
δημοτικός,134
σπάνιος,133
παραμένω,133
Ἄρτεμις,133
λυμαίνομαι,133
ταὐτός,133
κυρέω,133
σιωπάω,133
σήπω,133
κατάκειμαι,133
αἰδώς,132
ἱκνέομαι,132
Μίλητος,132
γνάθος,132
κάρα,132
κύω,132
ἀποτίνω,132
μείων,132
ἔνδοξος,132
νεφρός,132
ἐπωνυμία,131
ὁμιλία,131
στόλος,131
τροπή,131
ἐπιτελέω,131
βούλησις,131
παντοῖος,131
χείρων,131
σύμμετρος,131
ἀνατολή,131
ἔμπυος,131
αἴξ,131
ἐσθής,130
πεντακόσιοι,130
ἡγεμονία,130
Περικλῆς,130
κατακαίω,130
φάρυγξ,130
ἀγγεῖον,130
πῆμα,130
κέντρον,130
ὑγραίνω,130
χειροτονέω,130
ἐπικρατέω,129
φήμη,129
κατεργάζομαι,129
σπένδω,129
στέργω,129
πηγή,129
σύμβουλος,129
λόφος,129
διανέμω,129
ἄλφιτον,129
λυσιτελέω,129
ἐσθλός,129
παίζω,129
Αἰσχίνης,129
μεσότης,129
Χερσόνησος,128
εὐεργέτης,128
ὁρμή,128
καταψηφίζομαι,128
ἐπίτροπος,128
σύστασις,128
ὄνυξ,128
μιαρός,128
βαθύς,128
ἐγγυάω,128
ἆθλον,127
ἀπολαύω,127
Ἱπποκράτης,127
αὐλός,127
πρόβλημα,127
ἐπιχέω,127
φυτεύω,126
μηδέτερος,126
θόρυβος,126
Μακεδονία,126
φιλοσοφέω,126
διαλλάσσω,126
ἀνάξιος,126
δακρύω,126
ὄφελος,126
ἀντίφασις,126
ὑπόστασις,126
κατοικίζω,125
Αἰγινήτης,125
προβάλλω,125
Γλαύκων,125
ποθέω,125
πέπλος,125
ξίφος,125
διάθεσις,125
ἐνυπάρχω,125
φθαρτός,125
ὀνειδίζω,124
Θεμιστοκλῆς,124
κηρύσσω,124
ἠώς,124
σκηνή,124
Θρᾴκη,124
παιδικός,124
Εὐθύδημος,124
εὐδαιμονέω,124
ῥάχις,124
νέφος,124
εὐεργετέω,124
ἐκτείνω,124
φλαῦρος,124
ἐλάτη,124
Μαρδόνιος,124
στρατοπεδεύω,123
τριταῖος,123
ἀποδιδράσκω,123
χρησμός,123
ἐπανέρχομαι,123
Ἀπολλόδωρος,123
ἄπαις,123
σταθμός,123
ἴχνος,123
ζῴδιον,123
φαντασία,123
ἐπιχώριος,122
ἀπάτη,122
συγγραφή,122
ἔρις,122
μεσημβρία,122
κάλαμος,122
ἁλμυρός,122
ἀσθενέω,122
μοχθηρός,122
τρέχω,122
τύπος,122
ἐγχωρέω,122
θήρα,122
λειτουργέω,122
γραμματεῖον,122
τεταρταῖος,122
ἑλλέβορος,122
διαλεκτικός,122
αἰσθητικός,122
καταπλέω,121
τειχίζω,121
διίστημι,121
ἄσμενος,121
περιμένω,121
ἄκρα,121
σέβω,121
καθίημι,121
πλεονεξία,121
Ἑρμῆς,121
ἀγκών,121
ἄτη,121
ἀμφότεροι,121
θανάσιμος,121
κοιμάω,121
ὠχρός,121
κατεσθίω,121
πτύω,121
θαυμάσιος,121
Ἀστυάγης,121
ῥόφημα,121
τεκμαίρομαι,120
δέκατος,120
ὑποδέχομαι,120
γνῶσις,120
πίμπλημι,120
πέτομαι,120
ῥοή,120
ἀκρασία,120
λιβανωτός,120
κόπρος,120
ἐπίδεσις,120
ἐμπόριον,119
ἑβδομήκοντα,119
πεῖρα,119
ὁμιλέω,119
ἔφορος,119
ἐννέα,119
ἐπιδημέω,119
πενία,119
γεύω,119
πόντος,119
κάμπτω,119
ἀνώνυμος,119
ἄρκτος,119
νῆστις,119
ὄν,119
προέχω,118
γενεά,118
καταφανής,118
φιλοτιμία,118
Φαρνάβαζος,118
ἐλευθέριος,118
ἐπιτυγχάνω,118
Ἥρα,118
εὐήθης,118
καταγελάω,118
Μαντινεύς,118
ἔπειμι,118
χαλάω,118
ξανθός,118
τίνω,118
γυμναστικός,118
ὀρύσσω,117
ἕνδεκα,117
πιθανός,117
ἀναπαύω,117
συντείνω,117
παιδιά,117
δέμας,117
ζῶ,117
λέχος,117
φονεύς,117
ἀποδημέω,117
ῥητορικός,117
πάππος,117
πρακτικός,117
διάμετρος,117
μελίκρητον,117
στέλλω,116
δυστυχέω,116
κοινωνός,116
περιλαμβάνω,116
κλεινός,116
δάμαρ,116
μετρέω,116
λειτουργία,116
ἐγγυητής,116
ἄτομος,116
φάλαγξ,116
φλεγματώδης,116
καταμήνιος,116
οἰκίζω,115
καθέζομαι,115
αὐτάρκης,115
Μακεδών,115
ἀόριστος,115
ἐμφανής,115
Φιλοκράτης,115
Κλέαρχος,115
θαῦμα,115
ἐξαρκέω,115
βάσανος,115
βλαβερός,115
σχίζω,115
Κυαξάρης,115
τόυτεος,115
πουλλός,115
Θεσσαλία,114
ἀλκή,114
φρόνημα,114
κυβερνήτης,114
ταπεινός,114
ἐνίστημι,114
ξενικός,114
μικρότης,114
ἰσότης,114
παρακολουθέω,114
φλοιός,114
στόμαχος,114
ἀσθένεια,113
περιπίπτω,113
ἀμαθής,113
συστρατεύω,113
σφοδρός,113
ἀνεψιός,113
Θησεύς,113
καῦμα,113
θορυβέω,113
γείτων,113
νεανίσκος,113
εὔθυνα,113
συκῆ,113
ζήτησις,112
λιμός,112
τηρέω,112
πάχος,112
ἀκροάομαι,112
δίψα,112
χρώς,112
μυριάς,112
τλάω,112
χρέος,112
θιγγάνω,112
ἔνυδρος,112
ἐγκωμιάζω,112
συλλαβή,112
φλέβιον,112
παράγω,111
συνέχω,111
ὑπηρέτης,111
καπνός,111
λεκτέος,111
ἐντελέχεια,111
ἀνασκευάζω,110
φίλιος,110
αὐτόνομος,110
ἐξηγέομαι,110
ἐπίκειμαι,110
ὑπερβαίνω,110
μέτωπον,110
Ἀσσύριος,110
ἀποτέμνω,110
βλέφαρον,110
ἀσπάζομαι,110
πτηνός,110
μυκτήρ,110
ῥινόν,110
Κερκυραῖος,109
μελέτη,109
αἰών,109
ἐπερωτάω,109
ζηλόω,109
γυμνός,109
ἥρως,109
σωτήρ,109
πλάγιος,109
ὀβολός,109
θήρ,109
αἰδέομαι,109
Λύσανδρος,109
ὑπόληψις,109
σκόροδον,109
ὀπός,109
Θεαίτητος,109
ὑπόλοιπος,108
μέτοικος,108
ὑπεναντίος,108
εὐνή,108
διαδίδωμι,108
νόμισμα,108
εὐφραίνω,108
φοῖνιξ,108
ἄκανθα,108
συμβόλαιον,108
διαφανής,108
ἔλλειψις,108
χρηστήριον,107
Νεῖλος,107
εὐγενής,107
οἴκημα,107
φιλότιμος,107
ἀποκρύπτω,107
ἄφθονος,107
δρῦς,107
πέδον,107
ἄφωνος,107
Οἰδίπους,107
μαθητής,107
Γοργίας,107
ὄρχις,107
κατάφασις,107
θανατώδης,107
Ἰωνία,106
γέρας,106
φρουρέω,106
ἐγκαταλείπω,106
ἐπιτολή,106
Ῥόδος,106
σκοπός,106
στένω,106
ἀίσσω,106
Ἔρως,106
Ἕκτωρ,106
σύνθετος,106
φθίσις,106
μέθοδος,106
φόρος,105
ἀτυχέω,105
Αἴγινα,105
κρήνη,105
κακουργέω,105
θέρμη,105
ὁμώνυμος,105
ὑπάγω,105
ἐπαγωγή,105
ἐξανίστημι,105
σφαγή,105
συνδοκέω,105
ἀπειλέω,105
μέλεος,105
μόρος,105
μυελός,105
δάφνη,105
εἴδωλον,105
δημηγορέω,105
πολύπους,105
ἐπιβαίνω,104
ἐπιγράφω,104
Κρήτη,104
ὑπομιμνῄσκω,104
ἀκολασία,104
ἐπιφαίνω,104
εὐσεβής,104
δέσποινα,104
θρόνος,104
ταῦρος,104
εἰσπράσσω,104
μεταφορά,104
ἐντέλλω,104
Ἀττικός,103
προίημι,103
μέλαθρον,103
μάταιος,103
ἁμός,103
ἐνύπνιον,103
μανός,103
Δωριεύς,102
κακόω,102
ἐπιλέγω,102
ὑποζύγιον,102
νότος,102
τριήραρχος,102
μόνον,102
ἀνύω,102
σιγή,102
Σεύθης,102
πρεσβύτης,102
προστάτης,102
ἀκόλουθος,102
αἰνέω,102
κατατείνω,102
ἀράσσω,102
γλίσχρος,102
Στέφανος,102
φῦμα,102
βουβών,102
θαλάσσιος,101
ἐρημία,101
πορθέω,101
ἐπείγω,101
μίμησις,101
διακωλύω,101
ἥβη,101
ὑποπτεύω,101
διαφυλάσσω,101
ἐπιλείπω,101
Εὐριπίδης,101
νεοσσός,101
θηράω,101
συκοφάντης,101
κατηγορικός,101
ἀκμάζω,100
Βοιωτία,100
δέος,100
συγγένεια,100
ἐμπίμπρημι,100
πηλός,100
Πλαταιεύς,100
δεξιά,100
Κλέων,100
δυναστεία,100
ἀσεβέω,100
δυστυχής,100
εἶμι,100
προτείνω,100
βόρειος,100
ὄστρακον,100
νοητός,100
Ὁκότης,100
ἱκέτης,99
κατάγνυμι,99
δισχίλιοι,99
Κλεομένης,99
ὑπείκω,99
ἐνδίδωμι,99
Βρασίδας,99
ἀριθμέω,99
χεῖλος,99
διόλλυμι,99
ἄδεια,99
δασύς,99
ὄγδοος,99
ἐναντίωσις,99
ὀπτός,99
φάσις,99
περιπατέω,99
ἑψέω,99
διαχώρημα,99
Μηδικός,98
ὀγδοήκοντα,98
παραπλέω,98
σείω,98
σφάζω,98
ὁπλίζω,98
Σιμωνίδης,98
στέγη,98
φωνέω,98
ῥέπω,98
κατακλίνω,98
παχύνω,98
ῥητίνη,98
χαλεπαίνω,97
παρατάσσω,97
φείδομαι,97
δαπανάω,97
σκευάζω,97
κενόω,97
εὐπορία,97
πλάγιον,97
κράς,97
πῶλος,97
ἄλγος,97
Καδμεῖος,97
πραγματεύομαι,97
ἀφορίζω,97
Δίων,97
Ἰσχόμαχος,97
Κριτόβουλος,97
παθητικός,97
ἀκρίβεια,96
ἀνευρίσκω,96
ἀξίωμα,96
εἰσφορά,96
προσίημι,96
ἄνοια,96
ὀλιγωρέω,96
πόθος,96
τελειόω,96
Εὐκτήμων,96
πτέρυξ,96
δωρέω,96
γόος,96
καταγέλαστος,96
δόγμα,96
ἀποψηφίζομαι,96
Ἀφροδίσιος,96
ἐπονομάζω,95
ἐπίκουρος,95
ἄμαξα,95
ἔμπορος,95
προδότης,95
βούλευμα,95
Ἀφροδίτη,95
τυραννικός,95
ἐφάπτω,95
διίημι,95
ὀρθότης,95
κατάτασις,95
Ἴλιον,94
σεισμός,94
Ἀμφίπολις,94
ἀνδριάς,94
ἀκμή,94
Κόνων,94
ἐκτρέφω,94
διδακτός,94
κόμη,94
μοναρχία,94
ἐγχέω,94
ἐπιορκέω,94
δωρειά,94
Κρίτων,94
περίπατος,94
δεκτικός,94
ἀναθυμίασις,94
Ἵππαρχος,93
ὑμνέω,93
σύνεσις,93
ἀναμένω,93
Κύπρος,93
φρουρά,93
ἔνατος,93
παρατίθημι,93
τάφρος,93
φιάλη,93
κύαμος,93
λέκτρον,93
λόγχη,93
λύκος,93
πόα,93
περιφερής,93
ἀπαγορεύω,93
πέσσω,93
κύμινον,93
ῥόδινος,93
συγγράφω,92
Περσικός,92
σύμφορος,92
ἀστήρ,92
Λάκων,92
ἀκούσιος,92
πρόκλησις,92
δυσχερής,92
πρύτανις,92
ὀλιγαρχικός,92
ἐπανορθόω,92
ναίω,92
ἀμήχανος,92
θέμις,92
νουθετέω,92
ἑλκόω,92
χήν,92
νότιος,92
πυρία,92
γεωργία,91
τρισχίλιοι,91
ζεύγνυμι,91
εὐώνυμος,91
δηϊόω,91
χειρόω,91
συγκαλέω,91
καθήκω,91
ἀναστρέφω,91
ἑβδομαῖος,91
λεία,91
κῦμα,91
θέατρον,91
ἐκμανθάνω,91
οἰκτρός,91
ἁπαλός,91
ἄγαμαι,91
ποίημα,91
Εὐβουλίδης,91
ὁρατός,91
διψάω,91
σέλινον,91
καταφατικός,91
συνήθης,90
πρέσβις,90
ἄργυρος,90
αἱματώδης,90
τομή,90
ἄκυρος,90
ἀτιμία,90
μαντικός,90
εἶπον,90
λεύσσω,90
δυσχεραίνω,90
πεντεκαίδεκα,90
Μειδίας,90
λεπτύνω,90
χιτών,89
κτίζω,89
δουλόω,89
Πεισίστρατος,89
μετέρχομαι,89
ἀνάλωμα,89
Λίβυς,89
παραβάλλω,89
καρπόω,89
πολλαπλάσιος,89
γεωργέω,89
σχολάζω,89
ἐξαγγέλλω,89
ἀναβάλλω,89
ζεῦγος,89
πιπράσκω,89
Θρασύβουλος,89
Δημήτηρ,89
χέω,89
ὀνίνημι,89
ἵζω,89
κηδεστής,89
κλείς,89
περιφορά,89
ἀτυχία,89
δαιμόνιος,89
Τίμαρχος,89
θερινός,89
χράομαι,89
σπόγγος,89
νομοφύλαξ,89
ἀντίπαλος,88
προβαίνω,88
ἀπαθής,88
ἀποχράω,88
δόσις,88
ἐνδέω,88
φῦσα,88
Παλλάς,88
διαλαμβάνω,88
ἀντίδικος,88
πνίγω,88
Δημόκριτος,88
Ἀγάθων,88
Ἀρμένιος,88
πόμα,88
ἀδυνατέω,88
Σιμμίας,88
Κέβης,88
Ος,88
ἀνθέω,87
ἔμφρων,87
ἀναπείθω,87
ὕψος,87
περιπλέω,87
χειμερινός,87
ἀκοντίζω,87
τέκτων,87
κήδω,87
ὁμόνοια,87
Ἡρακλέης,87
ἐξαιτέω,87
ἱστορέω,87
καμπή,87
μῦς,87
βέλτιστος,87
ὑπόδημα,87
κόραξ,87
περιπλευμονία,87
ἀπλῶς,87
προσκαλέω,86
ἀπατάω,86
βῆμα,86
ἐρώτημα,86
θεράπων,86
ἀποστρέφω,86
διασπάω,86
κληρόω,86
ἀρνέομαι,86
Λοξίας,86
Αἴας,86
Χαρίδημος,86
ὄζω,86
ἠθικός,86
κατασκευή,85
φρουρός,85
ὑποψία,85
ἐπισκήπτω,85
κορυφή,85
ἀριστοκρατία,85
ταξίαρχος,85
δόλος,85
μεθύω,85
νεῖκος,85
ὀρφανός,85
δεύω,85
μασχάλη,85
Χειρίσοφος,85
κενεών,85
ἐπιστητός,85
αὐστηρός,85
ὑφαιρέω,84
ἐπιπίπτω,84
εἰσαγγέλλω,84
ἁγνός,84
ἐπικίνδυνος,84
ἀκροατής,84
ἀναγράφω,84
μετόπωρον,84
αὐγή,84
φάντασμα,84
ἀετός,84
ἑός,84
κυρία,84
Πασίων,84
ἐναργής,84
γεωμετρία,84
ἀναλογία,84
Κριτίας,84
κηρίον,84
οἰδέω,84
ἐλάχιστος,84
ἄφθαρτος,84
προσθετός,84
ἀλείφω,83
ὑπήκοος,83
ψόγος,83
ἀπειρία,83
ταλαιπωρέω,83
μνῆμα,83
Μένων,83
καρτερέω,83
ἀνάστατος,83
Κύπρις,83
σύγγονος,83
αὐδάω,83
ὄνειρος,83
καταθνῄσκω,83
ἔντιμος,83
κόσμιος,83
βιβλίον,83
ἀμφισβήτησις,83
Ἄμασις,83
κινητικός,83
ἐπαινετός,83
ὕδρωψ,83
λῃστής,82
ἐπιπλέω,82
προπέμπω,82
ἀπαλλαγή,82
διαπορεύω,82
ξύλινος,82
ἀποκλείω,82
Θεόδωρος,82
Ἡράκλειος,82
πνοή,82
Συράκουσαι,82
κεράννυμι,82
πάτρα,82
τύμβος,82
δεῖνα,82
κῶλον,82
περάω,82
ἱππεύω,82
Καλλικλῆς,82
Διονυσόδωρος,82
κηρός,82
Θρασύμαχος,82
πεπερασμένον,82
ἀφορμή,81
ἀνάθημα,81
βροντή,81
τοξεύω,81
τριηραρχέω,81
φυλακός,81
περιτίθημι,81
Ὀλύνθιος,81
πρόσθεσις,81
μυχός,81
πατάσσω,81
ταλαίπωρος,81
ἑταίρα,81
μόχθος,81
ἀρά,81
σύμφημι,81
σκιά,81
κρόταφος,81
πλησμονή,81
μέθη,81
πρόσθιος,81
θεσμοθέτης,81
ῥοφέω,81
λογιστικός,81
σικύα,81
ἄναιμος,81
συνέπομαι,80
περιαιρέω,80
γέφυρα,80
βουλευτήριον,80
Κρής,80
Μυτιληναῖος,80
πειθώ,80
Πύλος,80
τυρός,80
θέα,80
Πυθία,80
ἐπιφάνεια,80
Λυκοῦργος,80
σύμφωνος,80
ἐχῖνος,80
Νέαιρα,80
πολυχρόνιος,80
νόησις,80
ῥητορική,80
πομπή,79
ταραχώδης,79
προσχωρέω,79
Μιλτιάδης,79
εὐμενής,79
ἐπακολουθέω,79
ἄνθραξ,79
ἀλλοῖος,79
ῥύομαι,79
θυμόω,79
ὀδυνάω,79
συνοράω,79
ὑποστροφή,79
σῦκον,79
Αἰθίοψ,79
ἱδρόω,79
Γωβρύας,79
Ἀκαρνάν,78
παράπλοος,78
χρηματίζω,78
στρατηγία,78
εἰσπίπτω,78
ἐνδύω,78
ὑποστρέφω,78
ὄλεθρος,78
Ἡρακλείδης,78
ἐμβαίνω,78
οὐράνιος,78
ἀναίδεια,78
ἐπιλανθάνω,78
ἀπειθέω,78
δύσκολος,78
ἐρώτησις,78
Βαβυλών,78
ἔντομος,78
κόκκος,78
ἰητρεύω,78
προχωρέω,77
ἐπιβουλή,77
Μεσσήνιος,77
ἐμβολή,77
λύχνος,77
μαντεύομαι,77
εὖρος,77
στολή,77
πλείων,77
δυσμενής,77
Ἀτρείδης,77
Τιμόθεος,77
Ἐμπεδοκλῆς,77
συμφωνέω,77
μίξις,77
εὐρύς,77
Πλάτων,77
γωνία,77
Ἰνδός,77
λευκόν,77
ἀσώδης,77
σωματικός,77
ἀποικία,76
Λοκροί,76
εἰσβαίνω,76
βεβαιόω,76
φονεύω,76
ἀναίσθητος,76
τέμενος,76
ὀρθόω,76
ὑπεύθυνος,76
διανοέομαι,76
εἰκοστός,76
Ἀρίσταρχος,76
νύμφη,76
οὔτις,76
παρρησία,76
κακοδαίμων,76
Κάδμος,76
ἀπεικάζω,76
προσάπτω,76
πόλος,76
οὐρά,76
στοχάζομαι,76
φιλοτιμέομαι,76
προσρέπω,76
γραμματικός,76
ἀδυναμία,76
πλευρῖτις,76
ἔνστασις,76
ψῦξις,76
Ἰσθμός,75
Πολυκράτης,75
ὅμορος,75
ἑξακόσιοι,75
Βυζάντιος,75
ὡραῖος,75
φρούριον,75
νέω,75
ἐφέπω,75
ἀσκός,75
λῆψις,75
πολέμαρχος,75
κόπος,75
συσκευάζω,75
ὁμονοέω,75
μῆλον,75
θνήσκω,75
κασίγνητος,75
σχέτλιος,75
τέρας,75
στέρνον,75
βάπτω,75
μεγαλοπρεπής,75
ἐπίδοσις,75
πειρατέον,75
παραφρονέω,75
Ἰφικράτης,75
στέλεχος,75
πράσον,75
προνοέω,74
σύλλογος,74
ἥσυχος,74
Τιμοκράτης,74
τέρπω,74
δαιμόνιον,74
ὁμοιόω,74
οἶκτος,74
προοίμιον,74
ἀνασπάω,74
φυσάω,74
μετατίθημι,74
πυκνότης,74
καταπλάσσω,74
πόντιος,74
ἕρπω,74
ὑπέρχομαι,74
τροχός,74
λωτός,74
μίμημα,74
ἰσχναίνω,74
ἄγρυπνος,74
ἐνοχλέω,74
ἀντιβολέω,74
μοχθηρία,74
διαίρω,74
φράτηρ,74
λάχανον,74
δυσεντερία,74
σπασμώδης,74
Περδίκκας,73
ἐπινοέω,73
φθινόπωρον,73
ταλαιπωρία,73
ὄρνεον,73
συγγιγνώσκω,73
ἁρπαγή,73
θεατής,73
εὐσέβεια,73
διέξοδος,73
διατάσσω,73
δεσμωτήριον,73
δελφίς,73
εἴσοδος,73
δέρκομαι,73
ξένιος,73
πότνια,73
μαντεία,73
οἰκτίρω,73
νάρθηξ,73
εἰσποιέω,73
ἀπονέμω,73
τεχνικός,73
χαρίεις,73
ἐμποδίζω,73
ἐλέφας,73
Κτήσιππος,73
διαπορέω,73
συμφύω,73
ἐλατήριος,73
περίσσωμα,73
Μαραθών,72
εἰσπλέω,72
ἀνθρώπειος,72
Ὀλύμπιος,72
ἀντιτάσσω,72
δίειμι,72
ἔλεος,72
Ἡσίοδος,72
δημοκρατέομαι,72
μεταπίπτω,72
καρκίνος,72
Κρέων,72
νοσώδης,72
δράκων,72
ἑστιάω,72
ἀηδής,72
ἀπορρέω,72
ἀνελεύθερος,72
κάμηλος,72
παρασάγγης,72
σκώληξ,72
ὁρίζων,72
κάραβος,72
προγίγνομαι,71
Δῆλος,71
σκῆπτρον,71
πρόοιδα,71
Χαλκιδεύς,71
προαγορεύω,71
βρῶμα,71
πεντακισχίλιοι,71
ἐρωτικός,71
ἐπίλοιπος,71
περιφέρω,71
Θηραμένης,71
ἅλας,71
ἰχθύς,71
πανοῦργος,71
στάζω,71
ἦμαρ,71
Ἐρινύς,71
ἑλίσσω,71
βρέχω,71
γόνιμος,71
ἀνατρέπω,71
εὐφυής,71
ἐπιρρέω,71
μᾶζα,71
πτερύγιον,71
συμφωνία,71
εἴκω,70
φιλονικία,70
διαρπάζω,70
Ποτείδαια,70
ἀχρεῖος,70
Λεωκράτης,70
ἑστία,70
εἰσβολή,70
παρανομέω,70
κλῖμαξ,70
ἀναφαίνω,70
ἀνέρχομαι,70
κισσός,70
ἀναιδής,70
σκώπτω,70
φρίκη,70
ἐπώνυμος,70
βασίλειον,70
Αἴγισθος,70
ῥάκος,70
Κερσοβλέπτης,70
χρίω,70
ὕω,70
ποιότης,70
ἰσχνός,70
Φαῖδρος,70
κρᾶσις,70
ἰχώρ,70
θεωρητικός,70
κατάψυξις,70
μῖσος,69
ὅμηρος,69
ἐπιτροπεύω,69
συνομολογέω,69
δικαιόω,69
οἰάω,69
συνακολουθέω,69
κρατήρ,69
πῶμα,69
Πρίαμος,69
ἀρήγω,69
νεανίας,69
ἐρείδω,69
κλέπτης,69
πυρρός,69
ἀσεβής,69
προσφύω,69
ψυχρότης,69
Ἑρμογένης,69
Δικαιογένης,69
διψώδης,69
κακοῦργος,68
περιποιέω,68
ἀπιστία,68
Κέρκυρα,68
θαρσαλέος,68
ὁμαλός,68
μόνιμος,68
βόσκημα,68
βόειος,68
πυρέσσω,68
πλησίος,68
χαλινός,68
φροντίς,68
πηδάω,68
ἄξων,68
δούλη,68
εὐδία,68
ἀριστάω,68
Κλεισθένης,68
κληρονόμος,68
ληρέω,68
πίων,68
χάσκω,68
νομή,68
σμῆνος,68
αἱμορραγέω,68
κωματώδης,68
νείαιρα,68
Κάρ,67
ἐπιμελής,67
Φλιάσιος,67
μισθοφόρος,67
ἀγγελία,67
ἀντιλαμβάνω,67
ῥώννυμι,67
διαχέω,67
βρόχος,67
δεῖμα,67
ὑδατώδης,67
συμπράσσω,67
ἀποσπάω,67
λίνος,67
κατάδηλος,67
αὐλητής,67
καταισχύνω,67
οἰωνός,67
ταμίας,67
ἐπιλανθάνομαι,67
φανάω,67
θηριώδης,67
μυρσίνη,67
ἐγκράτεια,67
ἀτέλεια,67
προσγράφω,67
ὀρχέομαι,67
καταχέω,67
σύστημα,67
ζῳοτόκος,67
καῦσος,67
καρτερός,66
ἐπίπονος,66
σῶς,66
ἐλασσόω,66
σῆμα,66
αὐτοκράτωρ,66
τρίπους,66
ναύκληρος,66
ταφή,66
ναύαρχος,66
κέλευθος,66
Ἴστρος,66
ἀδελφιδέος,66
Μεσσήνη,66
ὑπεροράω,66
φροῦδος,66
ἄχος,66
ἐπιστάτης,66
ψοφέω,66
σφυρόν,66
παράδοξος,66
φενακίζω,66
διατείνω,66
κέγχρος,66
ἐπιπίνω,66
θυμοειδής,66
σφαιροειδής,66
ἠρεμία,66
πρακτός,66
πτισάνη,66
νίτρον,66
φλεγμονή,66
ὀνομαστός,65
ἀκρωτήριον,65
Ἀρχίδαμος,65
σύνοδος,65
θράσος,65
ἀφροσύνη,65
διαμάχομαι,65
διάρροια,65
λήθη,65
ἄκριτος,65
λοιδορία,65
ἀοιδή,65
σθένω,65
ἑνδέκατος,65
τροφός,65
κραίνω,65
σῦριγξ,65
συνδέω,65
θησαυρός,65
μάκαρ,65
εὕδω,65
γηράσκω,65
καταψεύδομαι,65
διαπονέω,65
φιλάνθρωπος,65
μικτός,65
Παρμενίδης,65
ἐπιμελητής,65
διαθερμαίνω,65
ῥάβδος,65
κυπάρισσος,65
βήσσω,65
χύτρα,65
στρυφνός,65
ἴς,65
σκληρότης,65
Γαδάτας,65
ἁπτός,65
πτῶσις,65
ἕλος,64
Λέσβος,64
θάρσος,64
καταδουλόω,64
κατάσκοπος,64
τετράγωνος,64
ἄντρον,64
τεῦχος,64
μεταβαίνω,64
Συρία,64
φιλανθρωπία,64
οὐδαμός,64
ἀπόφημι,64
λαγώς,64
ὀπτάω,64
παραμείγνυμι,64
σηπία,64
ἀποκαθαίρω,64
δίεμαι,64
σίαλον,64
ὄσφρησις,64
συμβεβηκός,64
καταψύχω,64
αὐχμός,63
Σικυώνιος,63
προτιμάω,63
κήρυγμα,63
βαρύνω,63
μεταμέλομαι,63
ἐξαλείφω,63
προλαμβάνω,63
μετεωρίζω,63
Κλεώνυμος,63
ῥοπή,63
ξενία,63
πυρόω,63
κατακτείνω,63
ἔρδω,63
ἰός,63
ὑποβάλλω,63
ἐπιδικάζω,63
χορηγέω,63
συνήθεια,63
ἀποδοκιμάζω,63
ἐφαρμόζω,63
κυέω,63
ἐπιτείνω,63
Μάγος,63
παραχέω,63
Ὑρκάνιος,63
ἀραιός,63
Πρώταρχος,63
συμβεβηκὸς,63
κλέος,62
κατάλυσις,62
Ἀριστογείτων,62
εἰσακούω,62
Βυζάντιον,62
συστρέφω,62
ἀγορεύω,62
εὐρυχωρία,62
ἐκπνέω,62
Λάχης,62
Ἄγις,62
ἐπιστατέω,62
νόθος,62
ἀλλήλων,62
πένθος,62
δίδυμος,62
ἐντείνω,62
Ἄρειος,62
μεγαλόψυχος,62
συμμετρία,62
παροράω,62
συζάω,62
πεμπταῖος,62
τεχνίτης,62
τροπός,62
Βαβυλώνιος,62
τεσσαρεσκαιδέκατος,62
σίλφιον,62
χόνδρος,62
πυρεταίνω,62
ἴησις,62
ἀνακαλέω,61
μαρτύριον,61
καταδύω,61
ὑπόσπονδος,61
στέρομαι,61
προδοσία,61
πρόσφορος,61
Ἔφεσος,61
τοῖχος,61
συμπέμπω,61
οἰκουμένη,61
Θρᾳκία,61
συνεργός,61
μήκων,61
Ἀθήναιος,61
ἀθρέω,61
ἄλοχος,61
ὄλβιος,61
ἐκτίθημι,61
πόρω,61
πτερωτός,61
ἐλαφρός,61
εὐεξία,61
ἱστορία,61
ὀλισθάνω,61
προμήκης,61
ἀποπνίγω,61
Σκυθικός,61
συγκάμπτω,61
προσχράω,61
γεῦσις,61
ἔφοδος,60
ῥητός,60
Ἀδείμαντος,60
συναγωνίζομαι,60
ἀνήκεστος,60
καταφέρω,60
κραυγή,60
πελιδνός,60
σιδήρεος,60
λαμπάς,60
Ἥφαιστος,60
ἀφοράω,60
προκρίνω,60
ἀθυμέω,60
διάστασις,60
μυστήριον,60
ἐπιπολή,60
Δημάρητος,60
νομός,60
πεπαίνω,60
συλάω,60
νήπιος,60
ἀπόρρητος,60
φαρμακεύω,60
ἀγένητος,60
ἄδοξος,60
κακοήθης,60
Ἀράβιος,60
Ἱστιαῖος,60
Μέλητος,60
γεώδης,60
τριάς,60
δημιουργέω,60
ἔρυμα,59
Ἰταλία,59
ναυτικόν,59
ἀντιποιέω,59
ἐπικουρία,59
προφέρω,59
μέταλλον,59
ἀκίνδυνος,59
διακόπτω,59
δυσώδης,59
πελάζω,59
δείλη,59
ὄναρ,59
καταπίνω,59
βίοτος,59
αἰχμή,59
μωρός,59
ἄλκιμος,59
στυγέω,59
ὄλβος,59
φάτις,59
φόνιος,59
νέκυς,59
ἱμάς,59
ὑβριστής,59
βάσις,59
συσσίτιον,59
διαμαρτυρέω,59
καταμένω,59
περίεργος,59
ἄπυρος,59
παροιμία,59
πέπων,59
ἄπιος,59
διαστρέφω,59
Θεόφημος,59
χλιαρός,59
σίκυος,59
ἐρέβινθος,59
οἰκονομικός,59
χρηματιστικός,59
βράγχιον,59
ΑΒ,59
λινοζῶστις,59
βοηθός,58
Μέγαρα,58
διαπέμπω,58
μονή,58
μεταφέρω,58
κλείω,58
νεότης,58
ἀναίσχυντος,58
Ὄλυμπος,58
συναρμόζω,58
περιάγω,58
καταρρήγνυμι,58
ζυγόν,58
ἔρρω,58
Ἀρίστων,58
διοίκησις,58
λιπάω,58
ποιμήν,58
μάχαιρα,58
ὄμβρος,58
φάσγανον,58
εὐγένεια,58
μένος,58
ὕμνος,58
φρικώδης,58
κρεμάννυμι,58
Πηλεύς,58
προσίστημι,58
ῥαφή,58
ἐκφύω,58
κλοπή,58
ἄκαρπος,58
κύκνος,58
σύμβολον,58
Μενέξενος,58
ἀποτυγχάνω,58
καταχράω,58
συμβουλή,58
ἄλευρον,58
τεσσαρεσκαίδεκα,58
φακός,58
σύγκρισις,58
νησιώτης,57
μάχιμος,57
ἐπιφανής,57
θῦμα,57
προσβολή,57
ῥᾳθυμία,57
Τεγεάτης,57
κώπη,57
λίθινος,57
Νικόστρατος,57
ἀκόντιον,57
δέον,57
σιωπή,57
πρόσπολος,57
ὀσφραίνομαι,57
χορεύω,57
γραῦς,57
ἠλίθιος,57
κοίτη,57
νεφέλη,57
θρῆνος,57
ἐκδύω,57
ὁμογενής,57
χορηγός,57
τριηραρχία,57
μίσθωσις,57
καταμαρτυρέω,57
ἐπίκληρος,57
παραδέχομαι,57
φοινίκεος,57
στάσιμος,57
Κορίσκος,57
φρενιτικός,57
ἀθλητής,56
πολυτελής,56
Ἁρμόδιος,56
συμμαχέω,56
τόσος,56
κοινόω,56
ἀνθίστημι,56
βασίλειος,56
πρόξενος,56
ὑπόμνημα,56
πίσσα,56
ἐπίδειξις,56
ἐκπονέω,56
παρατείνω,56
φυράω,56
συγχέω,56
Κύκλωψ,56
χερσαῖος,56
διακελεύομαι,56
ἀργία,56
ἐμφύω,56
ἀλγηδών,56
ἐργάτης,56
ἀντίος,56
ἀσέβεια,56
ἐρρωμένος,56
ἀόρατος,56
σύγγραμμα,56
μακρόβιος,56
ἀγχιστεία,56
ἐπιπολάζω,56
εἰσαγγελία,56
ἄπους,56
Ἀριστόδημος,56
ἀσύνθετος,56
μοιχός,56
διηθέω,56
ὀπίσθιος,56
Πρόδικος,56
μετάφρενον,56
ἰξύα,56
ὑποθυμιάω,56
Μίνως,55
Καρχηδόνιος,55
προκαταλαμβάνω,55
εὐπρεπής,55
διάλυσις,55
Θάσος,55
ῥᾳστώνη,55
ὁλκάς,55
χειμάζω,55
ὅμιλος,55
παίδευσις,55
κουφίζω,55
Μυτιλήνη,55
σωτήριος,55
ἄχθος,55
προπηλακίζω,55
κρείσσων,55
κύτος,55
τέγγω,55
ἐνέπω,55
πότμος,55
ὀδύρομαι,55
Πολυνείκης,55
λύρα,55
Πελασγός,55
σεμνύνω,55
θεράπαινα,55
ἐπιπλήσσω,55
ἀγαπητός,55
πεινάω,55
ἀλεκτρυών,55
Ἀσίας,55
Παφλαγών,55
σιμός,55
ἄνηθον,55
σφήξ,55
ἐμφαίνω,55
τάσις,55
τούτεον,55
ὀδυνώδης,55
πολιορκία,54
ἐπιστρατεύω,54
ἀσύμφορος,54
ἔγκειμαι,54
νεωτερίζω,54
συνετός,54
ἀμέλεια,54
ὅριον,54
ἐξαιρετός,54
ἀπείργω,54
ἐπισημαίνω,54
ἐνίημι,54
κυκλόω,54
ῥεῖθρον,54
πέτρος,54
Σάτυρος,54
ἐσχάρα,54
κλάδος,54
φέγγος,54
παραλλάσσω,54
Ἰλιάς,54
πλάτη,54
σύμφυτος,54
ἐπεύχομαι,54
ζωός,54
ἀγέλη,54
θεοφιλής,54
προφαίνω,54
δυσμή,54
φορτίον,54
λαλέω,54
ὀξύτης,54
ἀνίατος,54
Πῶλος,54
θρεπτικός,54
καυσώδης,54
ἄλητον,54
Ἀρκαδία,53
ἀκοντιστής,53
ἀσχολία,53
Λυσίμαχος,53
Στρυμών,53
Ὑστάσπης,53
παρουσία,53
μνημεῖον,53
μοχλός,53
πυρή,53
τόξευμα,53
πραότης,53
προτρέπω,53
ὕπειμι,53
Κυρηναῖος,53
ἁρμοστής,53
Ἄβυδος,53
ἔραμαι,53
ἔξαρνος,53
ἀναισχυντία,53
ἐριστικός,53
μελαίνω,53
στρῶμα,53
Θεόπομπος,53
ὕφαιμος,53
κτῆνος,53
ἀστράγαλος,53
πυραμίς,53
ἔγχελυς,53
οἰκοδόμος,53
ῥιγόω,53
Ἱέρων,53
οἰκονομία,53
ἀριθμητικός,53
περιουσία,52
ἐνοικέω,52
διακοσμέω,52
πανήγυρις,52
Ἀμπρακιώτης,52
ὁρμίζω,52
νεώτερος,52
ἀπεχθάνομαι,52
ὑποχείριος,52
ἀνδραποδίζω,52
Κίλιξ,52
δίοδος,52
παρακαταθήκη,52
γυμνικός,52
Ἴδη,52
γέμω,52
ἀλλάσσω,52
κομψός,52
ζέω,52
εὐωχέω,52
κλίνω,52
πάλη,52
τεύχω,52
δεκάς,52
ἵλαος,52
αὐλέω,52
ἐλεεινός,52
ἡλικιώτης,52
Κτησιφῶν,52
Βόσπορος,52
σαπρός,52
σύνολος,52
ψάμμος,52
ἀποσβέννυμι,52
πήγανον,52
σκεπτέος,52
σοφιστικός,52
πρίσμα,52
νομοθεσία,52
τμῆμα,52
ληπτέος,52
αἱμορραγία,52
νέτωπον,52
περίοικος,51
ἄποικος,51
προσμείγνυμι,51
νεώριον,51
πρυτανεῖον,51
ἄσκησις,51
ἀλγεινός,51
Σικελός,51
πρεσβευτής,51
ἄγνωστος,51
καταδέω,51
ἀεκούσιος,51
ὄρθιος,51
παραιτέομαι,51
χρονίζω,51
ἀγοράζω,51
κόνις,51
παιάν,51
ἐκχέω,51
χωλός,51
πτωχός,51
ὠδίς,51
σποδός,51
θάλλω,51
κηφήν,51
καθαρμός,51
δίκτυον,51
ἐκτέμνω,51
εὐθεῖα,51
ἐρώμενος,51
ὁδοιπορέω,51
ἤρ,51
δωροδοκέω,51
ἐπιζητέω,51
Ἀρχιάδης,51
Πολέμων,51
Αἰσχύλος,51
περιστερά,51
Ἀστύφιλος,51
τεῦτλον,51
σκυτοτόμος,51
ξηρά,51
διαφωνέω,51
βληχρός,51
διαχωρητικός,51
χλιερός,51
συμπλέω,50
μεταχειρίζω,50
παρόμοιος,50
προσφιλής,50
ἐπανίστημι,50
ἐκφαίνω,50
ψιλόω,50
Ἀμύντας,50
ἐπιείκεια,50
Ἀρτεμίσιον,50
συμπλέκω,50
δημαγωγός,50
πρόχειρος,50
κατασκάπτω,50
Ἴλιος,50
σύνταξις,50
Γύλιππος,50
ἄρρωστος,50
ἄκος,50
ποτάομαι,50
ἐκπίνω,50
πέρθω,50
φυτός,50
πέλω,50
Τεῦκρος,50
δέησις,50
κόλαξ,50
βάναυσος,50
βλαστός,50
δεκάτη,50
ἐπαίω,50
λῆξις,50
Περίανδρος,50
Ἅρπαγος,50
χελιδών,50
θυμιάω,50
πίτυς,50
στραγγουρία,50
ῥύγχος,50
διάκρισις,50
ἀρχός,50
τρομώδης,50
